{
  "mean": [
    -0.12919950944054212,
    -0.2886654301345514,
    -0.012250794076711535,
    -0.05676826275934633,
    -0.2021116370818847,
    -0.08388797667850527,
    0.33359705926422706,
    0.16045052725073244,
    0.038676793516692974,
    0.17833170980632246,
    0.04696795704820315,
    -0.0028605494166042494,
    0.2910008103444688,
    0.04613889365868973,
    -0.20923796619349988,
    -0.06612968721090967,
    -0.06822297479287087,
    0.07665665967313294,
    0.31339980318469707,
    0.17848608872298544,
    -0.12257400176058732,
    -0.09916947305596947,
    -0.07496362424991454,
    0.06413202095063565,
    0.14441217540855394,
    0.6089468647276256,
    0.1746329522253426,
    0.05335275402342691,
    -0.01274033685900125,
    0.034742877569136674,
    -0.8124017158298366,
    -0.046887347804268516,
    0.20193554493622995,
    0.20310737911199875,
    -0.03935802394192445,
    0.06967648672683241,
    -0.015537222114253658,
    -0.03405129209430782,
    -0.06528449449620334,
    0.12250195766505541,
    0.13991944893251396,
    -0.17446041035758794,
    -0.08011793568900512,
    0.08495120423131697,
    -0.010415217384283726,
    -0.13705097552234924,
    0.20126930260560386,
    0.1006914191740527,
    0.006530658005241609,
    0.016847835384242397
  ],
  "components": [
    [
      0.1457999745619501,
      0.03389202921981703,
      -0.0837105385078512
    ],
    [
      0.07237400143824242,
      0.013124290057604602,
      -0.012279589311725497
    ],
    [
      -0.05834019890360653,
      0.02913312569769917,
      0.24153474372089842
    ],
    [
      -0.03853051951418258,
      0.056729873878020955,
      -0.16670737022925788
    ],
    [
      0.043910853969776675,
      0.18089475791762463,
      0.1670120973923511
    ],
    [
      0.07673246379618683,
      0.11825536171026238,
      0.22350343482788945
    ],
    [
      -0.07251306433240001,
      -0.2303707892712512,
      -0.08804757533214334
    ],
    [
      -0.14695472861822803,
      -0.11547113407893904,
      -0.1494648537747363
    ],
    [
      -0.04503223584067048,
      -0.07431042912481273,
      -0.04139696814841729
    ],
    [
      0.01475141768649108,
      -0.11433343286165595,
      0.10868348209362819
    ],
    [
      -0.04560680144439762,
      0.04886114570940427,
      -0.08733565502218177
    ],
    [
      -0.13211590176366905,
      0.2969468792433501,
      0.09177326282234591
    ],
    [
      -0.024756785301130495,
      -0.3725194249635662,
      -0.013404747785372522
    ],
    [
      0.029570484112733716,
      -0.06215426352386656,
      0.29804119819018676
    ],
    [
      0.04322799743135103,
      0.1841465318453091,
      0.1939588686464304
    ],
    [
      0.0539856312490679,
      0.04948554378756338,
      -0.10487863219539753
    ],
    [
      -0.06596438186361597,
      0.09198181161544726,
      -0.09494711865158416
    ],
    [
      0.0741067283872095,
      -0.17403558330096613,
      -0.1897891540902871
    ],
    [
      -0.2734254460750722,
      -0.0031472044901610144,
      -0.04936281307472589
    ],
    [
      -0.06380103613827841,
      -0.10496817457973123,
      -0.2514188018029919
    ],
    [
      0.09989907058370154,
      -0.08607301127445849,
      0.040523309156607484
    ],
    [
      0.017526675939610516,
      0.1518620494733547,
      0.12658339767008583
    ],
    [
      0.043860163276957284,
      0.030935606779088326,
      -0.0020974112590766082
    ],
    [
      0.014660977049216822,
      -0.18106793133388152,
      -0.20656320351829807
    ],
    [
      -0.12328531052433367,
      0.055848176323436624,
      0.1414791575024123
    ],
    [
      -0.36381746493645367,
      -0.265196582162802,
      0.18792882726907592
    ],
    [
      -0.1435821393158937,
      0.049177605499062485,
      0.1839145461964699
    ],
    [
      0.05907747432196123,
      -0.07342274362674066,
      -0.13828166153018082
    ],
    [
      0.08944588214057285,
      -0.17102704698989246,
      0.2712741048424348
    ],
    [
      -0.07157292598819505,
      -0.004441903916177355,
      0.1694274552900635
    ],
    [
      0.6571991702292097,
      0.11926004162962985,
      -0.02501717727452648
    ],
    [
      0.14869579095082516,
      -0.0625716026739662,
      0.07611753381817421
    ],
    [
      -0.13932926701157805,
      0.0002926310645275161,
      0.012666938341803876
    ],
    [
      -0.05052279693563732,
      -0.055834613248222115,
      0.04040398661252916
    ],
    [
      0.062240431256622444,
      0.022439375883434767,
      -0.05577112328159955
    ],
    [
      0.00498662908055786,
      -0.044113405864049,
      0.10537422319024532
    ],
    [
      -0.026698515144329023,
      0.020677465748157403,
      0.10258908057839385
    ],
    [
      -0.010469566697833686,
      0.13328496769508866,
      0.05118948853845752
    ],
    [
      -0.05171190364292392,
      0.1632532308539878,
      -0.20376354706230482
    ],
    [
      -0.12875990387137193,
      0.14445831178049592,
      -0.17932013161867014
    ],
    [
      -0.07935144050168381,
      -0.005807533441766313,
      0.1042638444909593
    ],
    [
      -0.06822941339013852,
      0.3964944934629637,
      -0.09137514799450096
    ],
    [
      0.0592260215034697,
      -0.09532250032183012,
      0.09088224075287399
    ],
    [
      0.1702026871431038,
      -0.1819142311266439,
      0.27150952306472187
    ],
    [
      -0.11274768490703772,
      0.12911246515329877,
      0.09581658492940222
    ],
    [
      0.1159189916659425,
      -0.0006537381288013114,
      -0.0682458828639059
    ],
    [
      0.045877668454204906,
      -0.16423224563532018,
      0.058807408017377986
    ],
    [
      0.015619209654290957,
      -0.10090138822894387,
      0.08651638493615565
    ],
    [
      -0.022136578112881493,
      -0.04869292124192428,
      -0.10901525722952067
    ],
    [
      -0.21823376657108082,
      0.1542650369308297,
      0.053498155594150415
    ]
  ],
  "explained_variance_ratio": [
    0.05417401918297268,
    0.04413402836655413,
    0.03603056486683432
  ]
}